,p05,median,p95
annualized_return,0.027220726255022448,0.16472876208696605,0.2961856536113442
sharpe_ratio,0.2096488554949374,1.3012136738678155,2.393538722030349
max_drawdown,-0.1878366219878247,-0.10889933207580837,-0.06734639346343885
