,p_value,bh_reject,bh_q_value
multi_sleeve_blend,0.19653572890636162,False,0.3300702630548802
default_5d_reversal,0.10066529977339611,False,0.3300702630548802
one_day_reversal,0.6655651253398291,False,0.6655651253398291
residual_1d_vol_adjusted,0.5133639752668175,False,0.6417049690835219
twenty_one_day_momentum,0.1980421578329281,False,0.3300702630548802
