aum,avg_impact_bps,p95_participation,max_participation,annualized_return_after_impact,annualized_vol_after_impact,sharpe_after_impact
1000000,5.329003780017309,8.325716109902193e-05,0.0008699412749885373,0.11046595664075079,0.12763585517430853,0.8654774670478816
10000000,16.85178960450158,0.0008325716109902192,0.008699412749885374,-0.1799082461362529,0.13104610420128346,-1.3728622245795148
50000000,37.68174709818983,0.004162858054951097,0.04349706374942687,-0.7048231749771969,0.1431215982487505,-4.924645780940685
100000000,53.290037800173074,0.008325716109902194,0.08699412749885374,-1.0981521006671746,0.15624587776360807,-7.028358868632823
