transaction_cost_bps,annualized_return,annualized_volatility,sharpe_ratio,sortino_ratio,max_drawdown,hit_rate
0.0,0.10886031394915459,0.1333602873099747,0.8162873381948119,1.1212973182976322,-0.17497136454297524,0.5341098169717138
2.0,0.0892940443984058,0.1333956813501043,0.6693923183618566,0.9202553569611378,-0.1846813917998099,0.5291181364392679
5.0,0.05994464007228269,0.13346079575640743,0.4491554222536903,0.6181059947115691,-0.20597972768673767,0.5224625623960066
10.0,0.01102896619541081,0.1336013270496208,0.08255132219842808,0.11385047549453105,-0.2402559274210586,0.502495840266223
20.0,-0.086802381558333,0.13400191864017263,-0.6477696919505928,-0.8979034014741217,-0.34165681166477235,0.46755407653910147
