,p_value,bh_reject,bh_q_value
pearson_ic,0.0034128480646364867,True,0.0034128480646364867
spearman_ic,0.0005441101701895157,True,0.0010882203403790314
