,mean,std,t_stat,count
pearson,-0.005198479334601614,0.27366937892852206,-0.8598468299792357,2049.0
spearman,-0.001897667548547594,0.2792936773283933,-0.3075601088227235,2049.0
