,mean,std,t_stat,count
pearson,-0.0030346271948599158,0.2075500620150263,-0.663775890234099,2061.0
spearman,0.00037323931612876345,0.20941112738939605,0.08091455053173542,2061.0
