,mean,std,t_stat,count
pearson,0.0023724560222524328,0.2286647696774665,0.4705611390965311,2057.0
spearman,0.004980252496667306,0.23573438744309455,0.9581766173192893,2057.0
