,mean,std,t_stat,count
pearson,0.016866281616845596,0.26126644457352727,2.9278772023058903,2057.0
spearman,0.019371199955067094,0.2540639286131481,3.4580451597458772,2057.0
