,mean,std,t_stat,count
pearson,-0.0014930840266099061,0.2656013674584246,-0.2588343272804144,2120.0
spearman,0.004285718948664151,0.26134754717495706,0.7550456141673414,2120.0
