,mean,std,t_stat,count
pearson,0.007663247851908244,0.2567384271096684,1.3730293713967536,2116.0
spearman,0.008393470545609006,0.2534391538921532,1.523441185659547,2116.0
