,mean,std,t_stat,count
pearson,-0.0014873899320810113,0.2656032604481629,-0.25784538696751885,2120.0
spearman,0.004346535001537226,0.2617170578692227,0.7646788568431357,2120.0
