,mean,nw_t_stat,count
pearson,0.01686628161684558,1.8104281559211384,2057.0
spearman,0.019371199955067083,2.1428100710307194,2057.0
