year,rank_ic,nw_t_stat,count
2018,0.08888882921589687,3.7198822487041294,190
2019,0.018989419911813892,1.0262450059629722,252
2020,0.024507138823909005,0.7509290081363463,253
2021,0.0037925170068027203,0.1621204125139071,252
2022,0.042314822343279934,1.6684862039180755,251
2023,-0.035884489795918365,-1.1423017036863385,250
2024,0.014416099773242626,0.6104898445561933,252
2025,0.013677142857142853,0.5703204344204343,250
2026,0.021628838451268357,0.5501594199763998,107
